0, 1525241426.993510376, 1525241426.993559466
0, 1525241427.027178780, 1525241427.027257250
0, 1525241427.060799374, 1525241427.060817804
0, 1525241427.094264659, 1525241427.094282489
0, 1525241427.127703994, 1525241427.127725104
0, 1525241427.161149878, 1525241427.161196508
0, 1525241427.194703933, 1525241427.194729103
0, 1525241427.228197637, 1525241427.228240077
0, 1525241427.261781192, 1525241427.261809352
0, 1525241427.295295437, 1525241427.295323076
0, 1525241427.328828021, 1525241427.328852201
0, 1525241427.362333226, 1525241427.362419206
0, 1525241427.395946030, 1525241427.395968590
0, 1525241427.429447155, 1525241427.429469675
0, 1525241427.462933409, 1525241427.462951889
0, 1525241427.496421224, 1525241427.496446924
0, 1525241427.529901369, 1525241427.529941279
0, 1525241427.563438393, 1525241427.563463853
0, 1525241427.596957928, 1525241427.596981208
0, 1525241427.630468762, 1525241427.630496562
0, 1525241427.663990757, 1525241427.664007057
0, 1525241427.697467941, 1525241427.697485651
0, 1525241427.730948426, 1525241427.730964576
0, 1525241427.764377451, 1525241427.764406791
0, 1525241427.797917155, 1525241427.797972825
0, 1525241427.831402340, 1525241427.831417770
0, 1525241427.864878825, 1525241427.864895405
0, 1525241427.898373499, 1525241427.898390979
0, 1525241427.931854494, 1525241427.931870724
0, 1525241427.965287779, 1525241427.965314269
0, 1525241427.998785783, 1525241427.998801733
0, 1525241428.032297798, 1525241428.032329488
0, 1525241428.065817173, 1525241428.065870103
0, 1525241428.099378408, 1525241428.099409898
0, 1525241428.132928853, 1525241428.132965003
0, 1525241428.166529818, 1525241428.166572078
0, 1525241428.200037633, 1525241428.200058513
0, 1525241428.233595098, 1525241428.233620658
0, 1525241428.267069083, 1525241428.267084373
0, 1525241428.300536348, 1525241428.300575488
0, 1525241428.334051403, 1525241428.334077493
0, 1525241428.367562128, 1525241428.367597548
0, 1525241428.401083603, 1525241428.401105033
0, 1525241428.434590008, 1525241428.434607428
0, 1525241428.468068143, 1525241428.468085123
0, 1525241428.501529648, 1525241428.501567368
0, 1525241428.534988173, 1525241428.535006703
0, 1525241428.568452158, 1525241428.568477978
0, 1525241428.601963403, 1525241428.601984283
0, 1525241428.635454958, 1525241428.635499938
0, 1525241428.668958523, 1525241428.668973033
0, 1525241428.702392789, 1525241428.702408959
0, 1525241428.735859374, 1525241428.735876204
0, 1525241428.769334689, 1525241428.769361609
0, 1525241428.802846014, 1525241428.802863904
0, 1525241428.836377069, 1525241428.836421209
0, 1525241428.869894144, 1525241428.869921424
0, 1525241428.903389149, 1525241428.903406269
0, 1525241428.936858294, 1525241428.936875214
0, 1525241428.970297469, 1525241428.970339399
0, 1525241429.003873864, 1525241429.003911174
0, 1525241429.037414229, 1525241429.037431359
0, 1525241429.070890695, 1525241429.070920225
0, 1525241429.104406650, 1525241429.104436740
0, 1525241429.137923506, 1525241429.137951516
0, 1525241429.171435851, 1525241429.171460391
0, 1525241429.204949097, 1525241429.204966067
0, 1525241429.238426752, 1525241429.238444312
0, 1525241429.271913108, 1525241429.271929668
0, 1525241429.305349613, 1525241429.305403413
0, 1525241429.338856489, 1525241429.338872119
0, 1525241429.372324404, 1525241429.372360954
0, 1525241429.405885659, 1525241429.405931899
0, 1525241429.439377905, 1525241429.439413435
0, 1525241429.472847910, 1525241429.472866080
0, 1525241429.506367846, 1525241429.506389826
0, 1525241429.539848451, 1525241429.539867151
0, 1525241429.573323937, 1525241429.573348817
0, 1525241429.606825102, 1525241429.606841192
0, 1525241429.640325618, 1525241429.640352898
0, 1525241429.673828083, 1525241429.673847513
0, 1525241429.707320429, 1525241429.707337049
0, 1525241429.740760294, 1525241429.740776144
0, 1525241429.774280610, 1525241429.774319500
0, 1525241429.807812195, 1525241429.807845655
0, 1525241429.841290761, 1525241429.841307961
0, 1525241429.874749386, 1525241429.874769526
0, 1525241429.908221142, 1525241429.908263152
0, 1525241429.941763317, 1525241429.941789527
0, 1525241429.975256913, 1525241429.975296973
0, 1525241430.008773228, 1525241430.008789798
0, 1525241430.042258524, 1525241430.042273654
0, 1525241430.075687450, 1525241430.075702030
0, 1525241430.109139596, 1525241430.109155596
0, 1525241430.142570872, 1525241430.142585562
0, 1525241430.176207618, 1525241430.176247618
0, 1525241430.209800943, 1525241430.209826493
0, 1525241430.243282729, 1525241430.243296919
0, 1525241430.276726155, 1525241430.276741375
0, 1525241430.310182421, 1525241430.310218721
0, 1525241430.343710687, 1525241430.343725187
0, 1525241430.377181643, 1525241430.377210263
0, 1525241430.410686159, 1525241430.410705329
0, 1525241430.444179235, 1525241430.444204615
0, 1525241430.477772671, 1525241430.477818961
0, 1525241430.511339306, 1525241430.511356486
0, 1525241430.544818862, 1525241430.544834022
0, 1525241430.578249888, 1525241430.578278388
0, 1525241430.611763124, 1525241430.611778994
0, 1525241430.645244810, 1525241430.645268510
0, 1525241430.678746016, 1525241430.678760846
0, 1525241430.712218722, 1525241430.712243642
0, 1525241430.745716958, 1525241430.745732278
0, 1525241430.779209984, 1525241430.779234214
0, 1525241430.812714150, 1525241430.812745430
0, 1525241430.846231675, 1525241430.846251095
0, 1525241430.879742901, 1525241430.879763251
0, 1525241430.913185777, 1525241430.913201487
0, 1525241430.946643613, 1525241430.946658303
0, 1525241430.980088739, 1525241430.980138589
0, 1525241431.013667875, 1525241431.013693175
0, 1525241431.047162131, 1525241431.047178381
0, 1525241431.080618198, 1525241431.080650458
0, 1525241431.114058254, 1525241431.114076684
0, 1525241431.147516871, 1525241431.147531011
0, 1525241431.180934327, 1525241431.180956777
0, 1525241431.214430733, 1525241431.214448883
0, 1525241431.247932260, 1525241431.247962830
0, 1525241431.281431246, 1525241431.281446176
0, 1525241431.314925162, 1525241431.314951652
0, 1525241431.348439129, 1525241431.348453309
0, 1525241431.381939615, 1525241431.381971475
0, 1525241431.415449001, 1525241431.415467561
0, 1525241431.448995557, 1525241431.449010697
0, 1525241431.482459114, 1525241431.482475344
0, 1525241431.515890310, 1525241431.515939350
0, 1525241431.549361297, 1525241431.549374957
0, 1525241431.582835443, 1525241431.582860723
0, 1525241431.616375399, 1525241431.616394719
0, 1525241431.649867666, 1525241431.649897086
0, 1525241431.683398642, 1525241431.683413552
0, 1525241431.716919078, 1525241431.716934688
0, 1525241431.750372374, 1525241431.750387164
0, 1525241431.783801341, 1525241431.783868061
0, 1525241431.817359937, 1525241431.817377537
0, 1525241431.850851413, 1525241431.850866513
0, 1525241431.884286510, 1525241431.884308470
0, 1525241431.917758886, 1525241431.917774016
0, 1525241431.951202053, 1525241431.951219153
0, 1525241431.984640689, 1525241431.984666119
0, 1525241432.018142656, 1525241432.018157966
0, 1525241432.051602212, 1525241432.051647752
0, 1525241432.085078239, 1525241432.085092369
0, 1525241432.118542406, 1525241432.118557926
0, 1525241432.151970093, 1525241432.151984973
0, 1525241432.185419110, 1525241432.185443610
0, 1525241432.218916586, 1525241432.218933206
0, 1525241432.252382493, 1525241432.252413253
0, 1525241432.285830550, 1525241432.285844760
0, 1525241432.319296397, 1525241432.319334737
0, 1525241432.352791064, 1525241432.352805224
0, 1525241432.386250770, 1525241432.386301230
0, 1525241432.419826237, 1525241432.419843767
0, 1525241432.453326764, 1525241432.453346224
0, 1525241432.486812140, 1525241432.486827660
0, 1525241432.520247947, 1525241432.520269947
0, 1525241432.553726764, 1525241432.553745104
0, 1525241432.587207711, 1525241432.587241781
0, 1525241432.620729388, 1525241432.620745028
0, 1525241432.654226524, 1525241432.654253224
0, 1525241432.687736031, 1525241432.687750131
0, 1525241432.721166638, 1525241432.721181548
0, 1525241432.754607965, 1525241432.754621795
0, 1525241432.788025702, 1525241432.788046512
0, 1525241432.821509348, 1525241432.821529448
0, 1525241432.855003105, 1525241432.855036775
0, 1525241432.888506182, 1525241432.888527402
0, 1525241432.921972379, 1525241432.922008859
0, 1525241432.955429345, 1525241432.955446125
0, 1525241432.989069012, 1525241432.989103622
0, 1525241433.022583439, 1525241433.022600119
0, 1525241433.056059766, 1525241433.056077316
0, 1525241433.089534433, 1525241433.089549993
0, 1525241433.122962941, 1525241433.122987311
0, 1525241433.156433608, 1525241433.156448048
0, 1525241433.189921335, 1525241433.189946595
0, 1525241433.223446722, 1525241433.223466222
0, 1525241433.256936359, 1525241433.256955059
0, 1525241433.290415996, 1525241433.290431206
0, 1525241433.323850864, 1525241433.323878064
0, 1525241433.357346431, 1525241433.357361201
0, 1525241433.390897298, 1525241433.390949548
0, 1525241433.424443785, 1525241433.424457585
0, 1525241433.457889582, 1525241433.457907072
0, 1525241433.491350330, 1525241433.491365360
0, 1525241433.524771007, 1525241433.524785627
0, 1525241433.558226614, 1525241433.558242824
0, 1525241433.591645191, 1525241433.591666831
0, 1525241433.625122149, 1525241433.625141819
0, 1525241433.658616216, 1525241433.658652056
0, 1525241433.692112153, 1525241433.692127713
0, 1525241433.725654900, 1525241433.725671590
0, 1525241433.759132817, 1525241433.759148867
0, 1525241433.792580814, 1525241433.792622444
0, 1525241433.826115402, 1525241433.826134861
0, 1525241433.859612869, 1525241433.859628839
0, 1525241433.893053766, 1525241433.893073536
0, 1525241433.926525403, 1525241433.926552293
0, 1525241433.960030330, 1525241433.960046200
0, 1525241433.993519287, 1525241433.993558937
0, 1525241434.027038795, 1525241434.027056495
0, 1525241434.060526963, 1525241434.060545393
0, 1525241434.093966860, 1525241434.093982920
0, 1525241434.127417938, 1525241434.127433788
0, 1525241434.160853236, 1525241434.160870566
0, 1525241434.194313583, 1525241434.194345763
0, 1525241434.227817951, 1525241434.227833021
0, 1525241434.261307078, 1525241434.261324318
0, 1525241434.294734206, 1525241434.294747806
0, 1525241434.328195134, 1525241434.328221084
0, 1525241434.361693511, 1525241434.361710011
0, 1525241434.395163529, 1525241434.395208849
0, 1525241434.428663727, 1525241434.428688287
0, 1525241434.462149464, 1525241434.462213564
0, 1525241434.495660102, 1525241434.495681112
0, 1525241434.529143789, 1525241434.529159899
0, 1525241434.562613067, 1525241434.562630947
0, 1525241434.596094065, 1525241434.596123565
0, 1525241434.629611902, 1525241434.629629962
0, 1525241434.663105330, 1525241434.663131690
0, 1525241434.696622117, 1525241434.696636057
0, 1525241434.730078645, 1525241434.730125415
0, 1525241434.763561863, 1525241434.763575303
0, 1525241434.797032390, 1525241434.797060010
0, 1525241434.830723098, 1525241434.830748917
0, 1525241434.864221975, 1525241434.864259915
0, 1525241434.897679293, 1525241434.897695943
0, 1525241434.931151360, 1525241434.931171640
0, 1525241434.964600328, 1525241434.964617198
0, 1525241434.998064606, 1525241434.998097826
0, 1525241435.031582464, 1525241435.031597224
0, 1525241435.065053462, 1525241435.065067362
0, 1525241435.098484300, 1525241435.098498610
0, 1525241435.131935078, 1525241435.131949738
0, 1525241435.165359516, 1525241435.165375826
0, 1525241435.198805474, 1525241435.198829874
0, 1525241435.232315022, 1525241435.232335882
0, 1525241435.265820290, 1525241435.265852180
0, 1525241435.299326838, 1525241435.299342488
0, 1525241435.332822366, 1525241435.332850146
0, 1525241435.366544634, 1525241435.366569144
0, 1525241435.400023742, 1525241435.400078882
0, 1525241435.433524340, 1525241435.433545460
0, 1525241435.466998898, 1525241435.467015478
0, 1525241435.500481336, 1525241435.500496956
0, 1525241435.533920274, 1525241435.533973534
0, 1525241435.567415042, 1525241435.567428612
0, 1525241435.600891850, 1525241435.600918370
0, 1525241435.634390148, 1525241435.634411278
0, 1525241435.667882366, 1525241435.667911426
0, 1525241435.701388964, 1525241435.701402804
0, 1525241435.734859832, 1525241435.734875222
0, 1525241435.768286560, 1525241435.768301360
0, 1525241435.801757358, 1525241435.801784998
0, 1525241435.835285186, 1525241435.835307266
0, 1525241435.868819644, 1525241435.868834514
0, 1525241435.902292542, 1525241435.902307692
0, 1525241435.935724480, 1525241435.935744970
0, 1525241435.969185099, 1525241435.969200859
0, 1525241436.002651887, 1525241436.002677877
0, 1525241436.036168345, 1525241436.036188415
0, 1525241436.069632114, 1525241436.069675664
0, 1525241436.103115472, 1525241436.103129952
0, 1525241436.136603440, 1525241436.136619920
0, 1525241436.170072319, 1525241436.170091199
0, 1525241436.203529447, 1525241436.203574507
0, 1525241436.237063916, 1525241436.237082346
0, 1525241436.270573534, 1525241436.270588814
0, 1525241436.304008033, 1525241436.304021563
0, 1525241436.337466681, 1525241436.337504241
0, 1525241436.370959180, 1525241436.370971940
0, 1525241436.404410548, 1525241436.404463828
0, 1525241436.437905627, 1525241436.437928247
0, 1525241436.471388755, 1525241436.471406495
0, 1525241436.504855574, 1525241436.504871334
0, 1525241436.538284952, 1525241436.538300582
0, 1525241436.571753011, 1525241436.571770311
0, 1525241436.605201829, 1525241436.605304889
0, 1525241436.638777378, 1525241436.638793797
0, 1525241436.672253566, 1525241436.672280126
0, 1525241436.705759594, 1525241436.705772274
0, 1525241436.739196633, 1525241436.739211783
0, 1525241436.772649941, 1525241436.772665071
0, 1525241436.806078740, 1525241436.806101970
0, 1525241436.839562968, 1525241436.839586208
0, 1525241436.873055887, 1525241436.873084147
0, 1525241436.906538865, 1525241436.906554585
0, 1525241436.940032704, 1525241436.940054784
0, 1525241436.973486822, 1525241436.973506312
0, 1525241437.006964251, 1525241437.006993021
0, 1525241437.040471380, 1525241437.040488000
0, 1525241437.073938599, 1525241437.073954509
0, 1525241437.107369488, 1525241437.107383988
0, 1525241437.140814577, 1525241437.140838886
0, 1525241437.174307625, 1525241437.174322645
0, 1525241437.207760644, 1525241437.207786244
0, 1525241437.241367303, 1525241437.241389253
0, 1525241437.274857402, 1525241437.274873732
0, 1525241437.308330101, 1525241437.308345501
0, 1525241437.341757990, 1525241437.341787110
0, 1525241437.375249899, 1525241437.375268739
0, 1525241437.408732418, 1525241437.408761507
0, 1525241437.442236846, 1525241437.442253296
0, 1525241437.475736395, 1525241437.475754525
0, 1525241437.509176654, 1525241437.509191924
0, 1525241437.542690553, 1525241437.542707083
0, 1525241437.576147552, 1525241437.576163062
0, 1525241437.609602591, 1525241437.609641521
0, 1525241437.643112560, 1525241437.643134290
0, 1525241437.676581019, 1525241437.676647809
0, 1525241437.710068657, 1525241437.710084027
0, 1525241437.743541496, 1525241437.743559936
0, 1525241437.777019315, 1525241437.777039225
0, 1525241437.810467914, 1525241437.810520454
0, 1525241437.843967243, 1525241437.843985063
0, 1525241437.877447282, 1525241437.877464012
0, 1525241437.910922091, 1525241437.910935851
0, 1525241437.944351820, 1525241437.944382360
0, 1525241437.977836619, 1525241437.977853469
0, 1525241438.011321538, 1525241438.011360118
0, 1525241438.044836547, 1525241438.044854597
0, 1525241438.078313586, 1525241438.078328586
0, 1525241438.111747276, 1525241438.111761126
0, 1525241438.145203505, 1525241438.145218355
0, 1525241438.178631424, 1525241438.178649404
0, 1525241438.212090244, 1525241438.212120184
0, 1525241438.245595173, 1525241438.245610173
0, 1525241438.279155052, 1525241438.279171612
0, 1525241438.312614912, 1525241438.312630242
0, 1525241438.346078681, 1525241438.346105261
0, 1525241438.379536540, 1525241438.379551380
0, 1525241438.413003230, 1525241438.413029130
0, 1525241438.446509009, 1525241438.446533129
0, 1525241438.479992728, 1525241438.480021268
0, 1525241438.513492338, 1525241438.513506857
0, 1525241438.546978467, 1525241438.547012717
0, 1525241438.580440936, 1525241438.580461386
0, 1525241438.613913065, 1525241438.613938685
0, 1525241438.647409675, 1525241438.647428775
0, 1525241438.680906304, 1525241438.680931704
0, 1525241438.714414353, 1525241438.714429093
0, 1525241438.747902543, 1525241438.747928953
0, 1525241438.781399102, 1525241438.781415762
0, 1525241438.814924751, 1525241438.814951181
0, 1525241438.848430920, 1525241438.848451360
0, 1525241438.881921800, 1525241438.881937140
0, 1525241438.915354419, 1525241438.915367939
0, 1525241438.948817568, 1525241438.948838858
0, 1525241438.982309418, 1525241438.982328168
0, 1525241439.015753237, 1525241439.015918957
0, 1525241439.049345557, 1525241439.049358007
0, 1525241439.082825747, 1525241439.082841267
0, 1525241439.116256756, 1525241439.116272536
0, 1525241439.149715516, 1525241439.149731966
0, 1525241439.183136126, 1525241439.183150256
0, 1525241439.216599406, 1525241439.216624536
0, 1525241439.250098025, 1525241439.250118985
0, 1525241439.283598625, 1525241439.283626915
0, 1525241439.317096645, 1525241439.317112615
0, 1525241439.350586335, 1525241439.350626854
0, 1525241439.384114794, 1525241439.384132304
0, 1525241439.417606814, 1525241439.417632844
0, 1525241439.451122654, 1525241439.451145184
0, 1525241439.484583513, 1525241439.484623983
0, 1525241439.518034793, 1525241439.518049713
0, 1525241439.551494293, 1525241439.551518013
0, 1525241439.584935783, 1525241439.584949173
0, 1525241439.618409362, 1525241439.618434712
0, 1525241439.651901982, 1525241439.651920802
0, 1525241439.685400302, 1525241439.685426552
0, 1525241439.718908101, 1525241439.718924861
0, 1525241439.752412381, 1525241439.752429541
0, 1525241439.785852841, 1525241439.785870391
0, 1525241439.819310421, 1525241439.819338521
0, 1525241439.852806770, 1525241439.852822050
0, 1525241439.886323430, 1525241439.886339400
0, 1525241439.919759340, 1525241439.919792290
0, 1525241439.953200950, 1525241439.953222500
0, 1525241439.986773299, 1525241439.986805919
0, 1525241440.020214089, 1525241440.020242819
0, 1525241440.053708709, 1525241440.053728469
0, 1525241440.087193420, 1525241440.087223289
0, 1525241440.120672230, 1525241440.120706110
0, 1525241440.154149420, 1525241440.154166520
0, 1525241440.187610870, 1525241440.187629230
0, 1525241440.221127170, 1525241440.221152250
0, 1525241440.254618460, 1525241440.254634520
0, 1525241440.288116590, 1525241440.288131660
0, 1525241440.321556691, 1525241440.321571911
0, 1525241440.354999281, 1525241440.355039441
0, 1525241440.388492111, 1525241440.388508051
0, 1525241440.421975851, 1525241440.422015771
0, 1525241440.455515941, 1525241440.455538651
0, 1525241440.489079551, 1525241440.489116161
0, 1525241440.522535641, 1525241440.522551341
0, 1525241440.555995131, 1525241440.556025891
0, 1525241440.589444362, 1525241440.589463032
0, 1525241440.622907012, 1525241440.622932202
0, 1525241440.656412032, 1525241440.656427542
0, 1525241440.689891592, 1525241440.689936892
0, 1525241440.723553572, 1525241440.723568592
0, 1525241440.757037442, 1525241440.757054752
0, 1525241440.790473282, 1525241440.790487812
0, 1525241440.823938993, 1525241440.823964512
0, 1525241440.857464223, 1525241440.857498553
0, 1525241440.891062393, 1525241440.891090503
0, 1525241440.924561823, 1525241440.924576603
0, 1525241440.958082193, 1525241440.958105283
0, 1525241440.991574033, 1525241440.991593073
0, 1525241441.025017363, 1525241441.025071873
0, 1525241441.058510334, 1525241441.058526484
0, 1525241441.091985745, 1525241441.092002345
0, 1525241441.125459765, 1525241441.125475135
0, 1525241441.158886286, 1525241441.158911876
0, 1525241441.192363226, 1525241441.192378076
0, 1525241441.225862697, 1525241441.225890637
0, 1525241441.259382137, 1525241441.259401207
0, 1525241441.292867108, 1525241441.292881818
0, 1525241441.326300659, 1525241441.326349319
0, 1525241441.359766299, 1525241441.359796399
0, 1525241441.393287670, 1525241441.393303920
0, 1525241441.426755000, 1525241441.426785130
0, 1525241441.460285101, 1525241441.460308181
0, 1525241441.493774061, 1525241441.493796211
0, 1525241441.527276972, 1525241441.527292662
0, 1525241441.560713953, 1525241441.560734423
0, 1525241441.594172553, 1525241441.594188423
0, 1525241441.627835263, 1525241441.627863093
0, 1525241441.661345214, 1525241441.661363744
0, 1525241441.694825965, 1525241441.694858575
0, 1525241441.728318935, 1525241441.728333435
0, 1525241441.761864676, 1525241441.761881946
0, 1525241441.795336076, 1525241441.795351496
0, 1525241441.828798517, 1525241441.828824177
0, 1525241441.862311087, 1525241441.862329757
0, 1525241441.895795518, 1525241441.895824218
0, 1525241441.929242299, 1525241441.929255508
0, 1525241441.962700359, 1525241441.962726959
0, 1525241441.996200680, 1525241441.996216840
0, 1525241442.029730051, 1525241442.029774140
0, 1525241442.063253381, 1525241442.063268911
0, 1525241442.096722862, 1525241442.096738242
0, 1525241442.130154134, 1525241442.130168174
0, 1525241442.163613725, 1525241442.163631425
0, 1525241442.197047736, 1525241442.197063426
0, 1525241442.230499137, 1525241442.230526887
0, 1525241442.264000558, 1525241442.264015878
0, 1525241442.297493179, 1525241442.297508519
0, 1525241442.330915420, 1525241442.330929010
0, 1525241442.364438071, 1525241442.364465520
0, 1525241442.397916212, 1525241442.397932012
0, 1525241442.431407432, 1525241442.431435622
0, 1525241442.464924383, 1525241442.464943843
0, 1525241442.498414394, 1525241442.498445994
0, 1525241442.531901245, 1525241442.531915425
0, 1525241442.565405616, 1525241442.565423736
0, 1525241442.598850427, 1525241442.598866857
0, 1525241442.632302878, 1525241442.632328368
0, 1525241442.665794649, 1525241442.665813019
0, 1525241442.699296030, 1525241442.699321860
0, 1525241442.732811691, 1525241442.732827341
0, 1525241442.766300992, 1525241442.766349212
0, 1525241442.799813053, 1525241442.799827723
0, 1525241442.833314584, 1525241442.833344624
0, 1525241442.866841025, 1525241442.866860865
0, 1525241442.900327116, 1525241442.900342376
0, 1525241442.933762107, 1525241442.933776927
0, 1525241442.967226038, 1525241442.967243298
0, 1525241443.000756089, 1525241443.000775979
0, 1525241443.034241870, 1525241443.034279660
0, 1525241443.067765532, 1525241443.067789752
0, 1525241443.101244193, 1525241443.101259483
0, 1525241443.134661935, 1525241443.134674485
0, 1525241443.168103466, 1525241443.168116216
0, 1525241443.201511358, 1525241443.201523558
0, 1525241443.234922039, 1525241443.234947129
0, 1525241443.268416801, 1525241443.268435090
0, 1525241443.301899872, 1525241443.301925372
0, 1525241443.335394383, 1525241443.335407453
0, 1525241443.368898855, 1525241443.368929235
0, 1525241443.402420326, 1525241443.402434526
0, 1525241443.435891947, 1525241443.435916887
0, 1525241443.469404819, 1525241443.469425619
0, 1525241443.502911770, 1525241443.502933740
0, 1525241443.536364472, 1525241443.536400542
0, 1525241443.569812423, 1525241443.569838623
0, 1525241443.603299884, 1525241443.603314044
0, 1525241443.636786846, 1525241443.636834556
0, 1525241443.670329967, 1525241443.670349347
0, 1525241443.703812199, 1525241443.703838649
0, 1525241443.737324660, 1525241443.737340560
0, 1525241443.770819711, 1525241443.770838511
0, 1525241443.804271633, 1525241443.804307283
0, 1525241443.837721474, 1525241443.837747384
0, 1525241443.871215386, 1525241443.871230276
0, 1525241443.904704977, 1525241443.904721797
0, 1525241443.938148798, 1525241443.938163638
0, 1525241443.971598790, 1525241443.971613630
0, 1525241444.005030691, 1525241444.005051241
0, 1525241444.038492623, 1525241444.038527693
0, 1525241444.072011765, 1525241444.072027475
0, 1525241444.105485937, 1525241444.105514557
0, 1525241444.138982489, 1525241444.138997119
0, 1525241444.172475151, 1525241444.172492391
0, 1525241444.205910892, 1525241444.205925072
0, 1525241444.239435004, 1525241444.239459554
0, 1525241444.272924166, 1525241444.272941276
0, 1525241444.306408048, 1525241444.306428408
0, 1525241444.339887900, 1525241444.339904260
0, 1525241444.373319392, 1525241444.373384021
0, 1525241444.406800343, 1525241444.406815943
0, 1525241444.440284745, 1525241444.440315135
0, 1525241444.473843757, 1525241444.473861927
0, 1525241444.507355939, 1525241444.507416189
0, 1525241444.540941660, 1525241444.540965420
0, 1525241444.574435552, 1525241444.574453282
0, 1525241444.607926764, 1525241444.607962934
0, 1525241444.641453906, 1525241444.641505276
0, 1525241444.675005007, 1525241444.675036207
0, 1525241444.708500339, 1525241444.708561999
0, 1525241444.742070071, 1525241444.742086751
0, 1525241444.775558083, 1525241444.775575893
0, 1525241444.808996635, 1525241444.809013105
0, 1525241444.842461676, 1525241444.842493766
0, 1525241444.875974918, 1525241444.875992758
0, 1525241444.909521050, 1525241444.909548140
0, 1525241444.943010062, 1525241444.943026002
0, 1525241444.976486513, 1525241444.976504133
0, 1525241445.009960275, 1525241445.009982615
0, 1525241445.043401538, 1525241445.043431758
0, 1525241445.076896170, 1525241445.076911290
0, 1525241445.110371092, 1525241445.110390602
0, 1525241445.143863594, 1525241445.143880154
0, 1525241445.177292567, 1525241445.177316147
0, 1525241445.210775339, 1525241445.210792119
0, 1525241445.244260551, 1525241445.244292691
0, 1525241445.277782563, 1525241445.277798703
0, 1525241445.311268076, 1525241445.311284336
0, 1525241445.344701378, 1525241445.344717278
0, 1525241445.378153210, 1525241445.378181520
0, 1525241445.411657152, 1525241445.411671742
0, 1525241445.445144855, 1525241445.445174345
0, 1525241445.478669017, 1525241445.478682917
0, 1525241445.512177489, 1525241445.512199979
0, 1525241445.545668851, 1525241445.545683991
0, 1525241445.579091493, 1525241445.579105743
0, 1525241445.612536766, 1525241445.612568606
0, 1525241445.645980288, 1525241445.646009708
0, 1525241445.679502110, 1525241445.679519650
0, 1525241445.712999002, 1525241445.713031972
0, 1525241445.746482995, 1525241445.746497435
0, 1525241445.779959227, 1525241445.779975317
0, 1525241445.813393489, 1525241445.813407939
0, 1525241445.846839071, 1525241445.846865331
0, 1525241445.880348924, 1525241445.880367704
0, 1525241445.913874386, 1525241445.913914006
0, 1525241445.947415988, 1525241445.947433748
0, 1525241445.980873060, 1525241445.980898830
0, 1525241446.014558832, 1525241446.014587172
0, 1525241446.048042015, 1525241446.048115035
0, 1525241446.081581098, 1525241446.081613718
0, 1525241446.115048310, 1525241446.115063740
0, 1525241446.148510123, 1525241446.148527073
0, 1525241446.181937346, 1525241446.181951536
0, 1525241446.215382008, 1525241446.215394368
0, 1525241446.248800301, 1525241446.248826901
0, 1525241446.282291594, 1525241446.282310184
0, 1525241446.315781836, 1525241446.315800266
0, 1525241446.349266989, 1525241446.349284849
0, 1525241446.382697302, 1525241446.382723322
0, 1525241446.416189774, 1525241446.416205524
0, 1525241446.449696007, 1525241446.449730107
0, 1525241446.483221669, 1525241446.483238059
0, 1525241446.516705142, 1525241446.516737732
0, 1525241446.550200165, 1525241446.550214565
0, 1525241446.583692487, 1525241446.583708397
0, 1525241446.617125830, 1525241446.617140150
0, 1525241446.650567603, 1525241446.650592633
0, 1525241446.684074185, 1525241446.684091675
0, 1525241446.717536868, 1525241446.717581668
0, 1525241446.751067331, 1525241446.751081831
0, 1525241446.784503283, 1525241446.784526833
0, 1525241446.817985416, 1525241446.818000866
0, 1525241446.851464349, 1525241446.851496609
0, 1525241446.884984901, 1525241446.885002231
0, 1525241446.918477094, 1525241446.918495174
0, 1525241446.951915516, 1525241446.951931716
0, 1525241446.985378699, 1525241446.985393879
0, 1525241447.018811962, 1525241447.018851802
0, 1525241447.052309645, 1525241447.052369015
0, 1525241447.085837588, 1525241447.085888578
0, 1525241447.119377041, 1525241447.119395981
0, 1525241447.152819504, 1525241447.152835644
0, 1525241447.186268447, 1525241447.186283907
0, 1525241447.219749570, 1525241447.219783430
0, 1525241447.253200504, 1525241447.253228334
0, 1525241447.286696927, 1525241447.286715667
0, 1525241447.320283300, 1525241447.320311059
0, 1525241447.353793913, 1525241447.353808073
0, 1525241447.387285226, 1525241447.387311446
0, 1525241447.420801409, 1525241447.420818199
0, 1525241447.454286542, 1525241447.454311532
0, 1525241447.487793475, 1525241447.487835945
0, 1525241447.521319838, 1525241447.521343238
0, 1525241447.554808881, 1525241447.554832081
0, 1525241447.588260244, 1525241447.588309914
0, 1525241447.621740657, 1525241447.621757567
0, 1525241447.655232600, 1525241447.655262470
0, 1525241447.688741643, 1525241447.688760373
0, 1525241447.722230516, 1525241447.722257226
0, 1525241447.755735369, 1525241447.755751809
0, 1525241447.789219122, 1525241447.789234792
0, 1525241447.822653205, 1525241447.822669105
0, 1525241447.856109298, 1525241447.856137558
0, 1525241447.889651831, 1525241447.889666601
0, 1525241447.923116804, 1525241447.923133354
0, 1525241447.956553158, 1525241447.956568998
0, 1525241447.989998971, 1525241447.990015281
0, 1525241448.023437084, 1525241448.023458804
0, 1525241448.056906968, 1525241448.056940788
0, 1525241448.090418461, 1525241448.090433781
0, 1525241448.123894665, 1525241448.123923614
0, 1525241448.157396248, 1525241448.157413908
0, 1525241448.190856831, 1525241448.190893311
0, 1525241448.224314135, 1525241448.224328595
0, 1525241448.257771399, 1525241448.257795578
0, 1525241448.291283242, 1525241448.291303002
0, 1525241448.324795265, 1525241448.324811765
0, 1525241448.358234529, 1525241448.358250379
0, 1525241448.391681922, 1525241448.391717982
0, 1525241448.425197756, 1525241448.425218326
0, 1525241448.458891139, 1525241448.458940669
0, 1525241448.492437032, 1525241448.492453642
0, 1525241448.525951646, 1525241448.525972336
0, 1525241448.559421749, 1525241448.559453609
0, 1525241448.592868243, 1525241448.592884173
0, 1525241448.626341476, 1525241448.626356156
0, 1525241448.659765210, 1525241448.659793140
0, 1525241448.693257283, 1525241448.693271653
0, 1525241448.726737247, 1525241448.726766227
0, 1525241448.760242400, 1525241448.760257800
0, 1525241448.793725684, 1525241448.793741494
0, 1525241448.827161107, 1525241448.827179897
0, 1525241448.860629651, 1525241448.860657341
0, 1525241448.894130154, 1525241448.894147934
0, 1525241448.927619848, 1525241448.927649898
0, 1525241448.961125931, 1525241448.961141041
0, 1525241448.994589495, 1525241448.994620355
0, 1525241449.028049169, 1525241449.028072809
0, 1525241449.061526662, 1525241449.061561972
0, 1525241449.095043016, 1525241449.095058266
0, 1525241449.128526560, 1525241449.128546680
0, 1525241449.161965054, 1525241449.161980724
0, 1525241449.195413568, 1525241449.195438968
0, 1525241449.228918102, 1525241449.228934942
0, 1525241449.262412566, 1525241449.262441306
0, 1525241449.295925760, 1525241449.295942530
0, 1525241449.329420004, 1525241449.329436983
0, 1525241449.362856597, 1525241449.362872067
0, 1525241449.396364161, 1525241449.396390951
0, 1525241449.429849545, 1525241449.429864495
0, 1525241449.463317099, 1525241449.463347709
0, 1525241449.496850933, 1525241449.496877883
0, 1525241449.530356707, 1525241449.530374857
0, 1525241449.563826031, 1525241449.563847001
0, 1525241449.597269485, 1525241449.597285165
0, 1525241449.630731739, 1525241449.630750839
0, 1525241449.664214392, 1525241449.664243062
0, 1525241449.697725746, 1525241449.697743866
0, 1525241449.731230360, 1525241449.731260360
0, 1525241449.764745724, 1525241449.764764704
0, 1525241449.798235798, 1525241449.798252308
0, 1525241449.831672482, 1525241449.831687872
0, 1525241449.865121236, 1525241449.865145876
0, 1525241449.898700829, 1525241449.898728759
0, 1525241449.932203083, 1525241449.932239243
0, 1525241449.965661707, 1525241449.965678987
0, 1525241449.999130551, 1525241449.999155751
0, 1525241450.032615695, 1525241450.032649815
0, 1525241450.066101080, 1525241450.066164790
0, 1525241450.099644964, 1525241450.099659854
0, 1525241450.133095358, 1525241450.133110578
0, 1525241450.166547333, 1525241450.166562373
0, 1525241450.199974487, 1525241450.199989367
0, 1525241450.233426681, 1525241450.233441001
0, 1525241450.266849116, 1525241450.266876006
0, 1525241450.300351860, 1525241450.300366290
0, 1525241450.333821634, 1525241450.333836464
0, 1525241450.367243729, 1525241450.367257099
0, 1525241450.400686693, 1525241450.400710683
0, 1525241450.434134597, 1525241450.434150857
0, 1525241450.467601692, 1525241450.467625082
0, 1525241450.501079556, 1525241450.501094536
0, 1525241450.534570680, 1525241450.534599930
0, 1525241450.568081215, 1525241450.568097295
0, 1525241450.601526919, 1525241450.601543149
0, 1525241450.634978893, 1525241450.634993093
0, 1525241450.668406988, 1525241450.668430638
0, 1525241450.701892232, 1525241450.701912872
0, 1525241450.735380476, 1525241450.735407276
0, 1525241450.768888501, 1525241450.768906670
0, 1525241450.802367405, 1525241450.802392925
0, 1525241450.835869639, 1525241450.835885689
0, 1525241450.869373783, 1525241450.869400203
0, 1525241450.902880088, 1525241450.902895788
0, 1525241450.936392062, 1525241450.936407952
0, 1525241450.969843096, 1525241450.969902446
0, 1525241451.003397200, 1525241451.003411280
0, 1525241451.036827735, 1525241451.036843655
0, 1525241451.070292040, 1525241451.070328140
0, 1525241451.103827265, 1525241451.103846305
0, 1525241451.137311499, 1525241451.137327099
0, 1525241451.170783204, 1525241451.170798964
0, 1525241451.204212239, 1525241451.204226109
0, 1525241451.237676604, 1525241451.237695124
0, 1525241451.271119488, 1525241451.271175448
0, 1525241451.304630313, 1525241451.304665633
0, 1525241451.338119248, 1525241451.338145998
0, 1525241451.371606202, 1525241451.371621882
0, 1525241451.405073727, 1525241451.405099517
0, 1525241451.438580742, 1525241451.438596972
0, 1525241451.472061557, 1525241451.472101466
0, 1525241451.505599811, 1525241451.505618441
0, 1525241451.539087486, 1525241451.539103796
0, 1525241451.572522591, 1525241451.572542881
0, 1525241451.605987095, 1525241451.606012745
0, 1525241451.639484030, 1525241451.639499640
0, 1525241451.672982405, 1525241451.673009525
0, 1525241451.706557839, 1525241451.706574909
0, 1525241451.740043314, 1525241451.740069274
0, 1525241451.773550299, 1525241451.773565609
0, 1525241451.807019103, 1525241451.807035113
0, 1525241451.840490058, 1525241451.840505978
0, 1525241451.873918943, 1525241451.873947083
0, 1525241451.907446748, 1525241451.907472318
0, 1525241451.940953062, 1525241451.940969622
0, 1525241451.974401577, 1525241451.974417947
0, 1525241452.007826572, 1525241452.007841922
0, 1525241452.041284377, 1525241452.041304547
0, 1525241452.074733262, 1525241452.074788292
0, 1525241452.108281887, 1525241452.108297147
0, 1525241452.141727503, 1525241452.141751702
0, 1525241452.175200978, 1525241452.175214248
0, 1525241452.208683973, 1525241452.208699883
0, 1525241452.242114938, 1525241452.242128518
0, 1525241452.275569083, 1525241452.275594193
0, 1525241452.309137418, 1525241452.309173078
0, 1525241452.342620563, 1525241452.342634823
0, 1525241452.376074238, 1525241452.376089388
0, 1525241452.409504834, 1525241452.409564284
0, 1525241452.443005359, 1525241452.443019119
0, 1525241452.476478414, 1525241452.476504214
0, 1525241452.509979839, 1525241452.510019899
0, 1525241452.543557154, 1525241452.543597034
0, 1525241452.577016899, 1525241452.577037729
0, 1525241452.610485494, 1525241452.610499834
0, 1525241452.643915339, 1525241452.643929739
0, 1525241452.677369695, 1525241452.677398265
0, 1525241452.710907360, 1525241452.710922700
0, 1525241452.744378825, 1525241452.744405565
0, 1525241452.777885650, 1525241452.777901250
0, 1525241452.811361965, 1525241452.811570305
0, 1525241452.845020320, 1525241452.845037510
0, 1525241452.878478855, 1525241452.878523245
0, 1525241452.912008590, 1525241452.912026570
0, 1525241452.945500145, 1525241452.945546935
0, 1525241452.978988430, 1525241452.979020220
0, 1525241453.012456576, 1525241453.012471796
0, 1525241453.045910221, 1525241453.045925101
0, 1525241453.079343497, 1525241453.079376167
0, 1525241453.112854252, 1525241453.112869952
0, 1525241453.146336538, 1525241453.146353158
0, 1525241453.179804583, 1525241453.179819523
0, 1525241453.213231969, 1525241453.213256119
0, 1525241453.246750894, 1525241453.246766954
0, 1525241453.280229390, 1525241453.280258210
0, 1525241453.313731615, 1525241453.313748085
0, 1525241453.347222031, 1525241453.347237861
0, 1525241453.380666326, 1525241453.380699336
0, 1525241453.414110412, 1525241453.414137742
0, 1525241453.447602558, 1525241453.447619058
0, 1525241453.481096213, 1525241453.481127803
0, 1525241453.514643498, 1525241453.514679098
0, 1525241453.548230784, 1525241453.548247564
0, 1525241453.581671739, 1525241453.581694399
0, 1525241453.615139855, 1525241453.615156205
0, 1525241453.648628400, 1525241453.648647210
0, 1525241453.682152386, 1525241453.682178796
0, 1525241453.715644521, 1525241453.715663371
0, 1525241453.749147347, 1525241453.749175947
0, 1525241453.782644962, 1525241453.782660782
0, 1525241453.816131058, 1525241453.816147218
0, 1525241453.849568894, 1525241453.849583784
0, 1525241453.883031649, 1525241453.883058209
0, 1525241453.916537265, 1525241453.916556815
0, 1525241453.950097880, 1525241453.950113350
0, 1525241453.983544386, 1525241453.983559696
0, 1525241454.016967491, 1525241454.016990851
0, 1525241454.050434157, 1525241454.050448127
0, 1525241454.083924613, 1525241454.083964663
0, 1525241454.117424749, 1525241454.117441299
0, 1525241454.150856505, 1525241454.150870975
0, 1525241454.184310541, 1525241454.184326311
0, 1525241454.217736687, 1525241454.217752497
0, 1525241454.251191423, 1525241454.251206253
0, 1525241454.284618179, 1525241454.284647589
0, 1525241454.318131535, 1525241454.318143555
0, 1525241454.351600691, 1525241454.351615841
0, 1525241454.385069617, 1525241454.385084187
0, 1525241454.418492673, 1525241454.418522783
0, 1525241454.452019289, 1525241454.452036829
0, 1525241454.485495885, 1525241454.485522575
0, 1525241454.519098741, 1525241454.519117231
0, 1525241454.552613316, 1525241454.552641506
0, 1525241454.586116132, 1525241454.586132632
0, 1525241454.619608508, 1525241454.619629698
0, 1525241454.653053984, 1525241454.653068104
0, 1525241454.686520650, 1525241454.686548200
0, 1525241454.720034946, 1525241454.720054546
0, 1525241454.753525392, 1525241454.753552442
0, 1525241454.787086038, 1525241454.787102718
0, 1525241454.820554164, 1525241454.820584014
0, 1525241454.854058630, 1525241454.854071790
0, 1525241454.887531386, 1525241454.887559466
0, 1525241454.921051752, 1525241454.921067171
0, 1525241454.954553227, 1525241454.954569997
0, 1525241454.988101933, 1525241454.988117983
0, 1525241455.021545660, 1525241455.021560160
0, 1525241455.054982596, 1525241455.055004796
0, 1525241455.088456592, 1525241455.088493242
0, 1525241455.122228278, 1525241455.122249758
0, 1525241455.155709365, 1525241455.155724755
0, 1525241455.189181991, 1525241455.189198251
0, 1525241455.222615507, 1525241455.222633897
0, 1525241455.256087424, 1525241455.256104854
0, 1525241455.289544080, 1525241455.289589200
0, 1525241455.323083636, 1525241455.323101806
0, 1525241455.356574643, 1525241455.356613303
0, 1525241455.390093469, 1525241455.390111249
0, 1525241455.423565875, 1525241455.423605275
0, 1525241455.457105132, 1525241455.457121122
0, 1525241455.490587018, 1525241455.490630658
0, 1525241455.524127274, 1525241455.524145164
0, 1525241455.557616941, 1525241455.557632531
0, 1525241455.591051997, 1525241455.591068727
0, 1525241455.624697083, 1525241455.624764043
0, 1525241455.658211479, 1525241455.658246269
0, 1525241455.691686266, 1525241455.691714036
0, 1525241455.725189542, 1525241455.725206712
0, 1525241455.758676808, 1525241455.758703408
0, 1525241455.792205945, 1525241455.792221595
0, 1525241455.825671381, 1525241455.825688281
0, 1525241455.859143617, 1525241455.859158027
0, 1525241455.892571904, 1525241455.892604544
0, 1525241455.926089950, 1525241455.926102070
0, 1525241455.959563347, 1525241455.959578956
0, 1525241455.993012893, 1525241455.993049233
0, 1525241456.026473580, 1525241456.026511220
0, 1525241456.060058426, 1525241456.060075356
0, 1525241456.093489243, 1525241456.093516113
0, 1525241456.126968080, 1525241456.126986770
0, 1525241456.160456627, 1525241456.160483046
0, 1525241456.193954253, 1525241456.193970183
0, 1525241456.227510410, 1525241456.227525870
0, 1525241456.260965277, 1525241456.260980817
0, 1525241456.294399363, 1525241456.294425043
0, 1525241456.327908040, 1525241456.327926050
0, 1525241456.361394027, 1525241456.361410937
0, 1525241456.394858294, 1525241456.394873124
0, 1525241456.428293181, 1525241456.428363930
0, 1525241456.461801957, 1525241456.461822457
0, 1525241456.495288724, 1525241456.495316854
0, 1525241456.528786891, 1525241456.528804881
0, 1525241456.562285247, 1525241456.562309067
0, 1525241456.595763474, 1525241456.595781584
0, 1525241456.629198581, 1525241456.629219571
0, 1525241456.662655358, 1525241456.662671978
0, 1525241456.696122034, 1525241456.696167824
0, 1525241456.729663731, 1525241456.729680261
0, 1525241456.763138408, 1525241456.763164708
0, 1525241456.796643025, 1525241456.796658555
0, 1525241456.830090251, 1525241456.830110221
0, 1525241456.863561938, 1525241456.863576208
0, 1525241456.897010415, 1525241456.897056795
0, 1525241456.930496232, 1525241456.930514342
0, 1525241456.963975568, 1525241456.964004538
0, 1525241456.997467405, 1525241456.997481695
0, 1525241457.030939792, 1525241457.030955702
0, 1525241457.064373910, 1525241457.064387180
0, 1525241457.097835037, 1525241457.097868407
0, 0.000000000, 0.000000000
1, 1525241427.161209868, 1525241427.168821076
2, 1525241427.228237237, 1525241427.264666377
3, 1525241427.295337526, 1525241427.377419821
1, 1525241427.363053674, 1525241427.371827410
2, 1525241427.496458314, 1525241427.531709826
1, 1525241427.563475573, 1525241427.570833281
3, 1525241427.630506962, 1525241427.644541979
1, 1525241427.764421051, 1525241427.771578459
2, 1525241427.764583680, 1525241427.808215298
1, 1525241427.965328649, 1525241427.974168154
3, 1525241427.965503278, 1525241427.979543445
2, 1525241428.032341608, 1525241428.067206281
1, 1525241428.166575988, 1525241428.173928506
2, 1525241428.300573948, 1525241428.335774230
3, 1525241428.300685738, 1525241428.338741045
1, 1525241428.367607108, 1525241428.375045076
1, 1525241428.568492178, 1525241428.575862906
2, 1525241428.568613718, 1525241428.618923266
3, 1525241428.635502888, 1525241428.648655047
1, 1525241428.769373199, 1525241428.776807566
2, 1525241428.836426409, 1525241428.872070110
1, 1525241428.970344339, 1525241428.979274114
3, 1525241428.970528779, 1525241428.985772614
2, 1525241429.104446820, 1525241429.139645133
1, 1525241429.171470821, 1525241429.178800949
3, 1525241429.305387533, 1525241429.319297930
1, 1525241429.372378304, 1525241429.379789612
2, 1525241429.372572594, 1525241429.430076850
1, 1525241429.573358427, 1525241429.580700565
2, 1525241429.640371638, 1525241429.683791517
3, 1525241429.640490758, 1525241429.654878574
1, 1525241429.774320940, 1525241429.781503838
2, 1525241429.908275512, 1525241429.944435443
1, 1525241429.975294293, 1525241429.984230318
3, 1525241429.975435082, 1525241429.989635659
1, 1525241430.176256778, 1525241430.183630836
2, 1525241430.176451917, 1525241430.218125020
3, 1525241430.310230251, 1525241430.324079899
1, 1525241430.377219043, 1525241430.384279142
2, 1525241430.444213895, 1525241430.477876400
1, 1525241430.578287668, 1525241430.585374337
3, 1525241430.645278210, 1525241430.659379917
2, 1525241430.712252902, 1525241430.740019767
1, 1525241430.779243974, 1525241430.786265702
1, 1525241430.980155759, 1525241430.987437977
2, 1525241430.980300679, 1525241431.013823295
3, 1525241430.987494577, 1525241431.000619506
1, 1525241431.180965677, 1525241431.188094336
2, 1525241431.247977430, 1525241431.274848517
3, 1525241431.314965982, 1525241431.329062440
1, 1525241431.381984235, 1525241431.389026334
2, 1525241431.515925940, 1525241431.542473498
1, 1525241431.582869093, 1525241431.590075441
3, 1525241431.649911015, 1525241431.664095053
1, 1525241431.783841021, 1525241431.791250229
2, 1525241431.784027131, 1525241431.816168059
1, 1525241431.984683919, 1525241431.993526005
3, 1525241431.984805589, 1525241431.998750826
2, 1525241432.051657542, 1525241432.078194290
1, 1525241432.185455470, 1525241432.192564818
2, 1525241432.319334147, 1525241432.346823283
3, 1525241432.319430387, 1525241432.333493114
1, 1525241432.386294810, 1525241432.393403769
1, 1525241432.587260141, 1525241432.594642059
2, 1525241432.587402841, 1525241432.619177200
3, 1525241432.654264664, 1525241432.667563133
1, 1525241432.788056711, 1525241432.795105930
2, 1525241432.855050335, 1525241432.881411413
1, 1525241432.989121092, 1525241432.997930508
3, 1525241432.989279392, 1525241433.004402588
2, 1525241433.122999301, 1525241433.149881878
1, 1525241433.189955035, 1525241433.197172914
3, 1525241433.323891464, 1525241433.337602412
1, 1525241433.390967748, 1525241433.398381836
2, 1525241433.391101858, 1525241433.422866968
1, 1525241433.591678771, 1525241433.598899280
2, 1525241433.658670816, 1525241433.685899953
3, 1525241433.658793435, 1525241433.673005733
1, 1525241433.792635434, 1525241433.799890623
2, 1525241433.926564463, 1525241433.953231861
1, 1525241433.993556327, 1525241434.002455113
3, 1525241433.993682337, 1525241434.008604504
1, 1525241434.194362843, 1525241434.201673492
2, 1525241434.194492663, 1525241434.226486483
3, 1525241434.328233484, 1525241434.341436693
1, 1525241434.395218499, 1525241434.403535716
2, 1525241434.462193894, 1525241434.488662743
1, 1525241434.596135335, 1525241434.603246143
3, 1525241434.663141280, 1525241434.676462389
2, 1525241434.730136375, 1525241434.757200013
1, 1525241434.797068050, 1525241434.804050699
1, 1525241434.998113046, 1525241435.005232954
2, 1525241434.998284865, 1525241435.031428084
3, 1525241435.005291304, 1525241435.018839263
1, 1525241435.198840124, 1525241435.205812853
2, 1525241435.265863840, 1525241435.292440689
3, 1525241435.332863716, 1525241435.346275375
1, 1525241435.400062642, 1525241435.407386470
2, 1525241435.533985294, 1525241435.560494493
1, 1525241435.600928100, 1525241435.608140169
3, 1525241435.667924286, 1525241435.681273575
1, 1525241435.801800148, 1525241435.809225537
2, 1525241435.801931228, 1525241435.836439855
1, 1525241436.002695437, 1525241436.011584803
3, 1525241436.002815026, 1525241436.017344634
2, 1525241436.069685514, 1525241436.096899562
1, 1525241436.203586597, 1525241436.210772896
2, 1525241436.337503031, 1525241436.364802529
3, 1525241436.337604721, 1525241436.351416610
1, 1525241436.404447118, 1525241436.411757877
1, 1525241436.605322889, 1525241436.612690388
2, 1525241436.605457479, 1525241436.637760929
3, 1525241436.672292746, 1525241436.686005305
1, 1525241436.806112110, 1525241436.813232799
2, 1525241436.873095607, 1525241436.899743946
1, 1525241437.007012381, 1525241437.016030697
3, 1525241437.007176700, 1525241437.022317247
2, 1525241437.140850646, 1525241437.167630226
1, 1525241437.207797354, 1525241437.214919693
3, 1525241437.341796870, 1525241437.355080029
1, 1525241437.408778317, 1525241437.416077356
2, 1525241437.408914947, 1525241437.441035948
1, 1525241437.609654331, 1525241437.616932830
2, 1525241437.676621099, 1525241437.704238746
3, 1525241437.676764608, 1525241437.690440407
1, 1525241437.810507834, 1525241437.817707833
2, 1525241437.944394100, 1525241437.971023629
1, 1525241438.011358788, 1525241438.020049955
3, 1525241438.011494677, 1525241438.026571155
1, 1525241438.212138694, 1525241438.219470483
2, 1525241438.212261504, 1525241438.244091015
3, 1525241438.346116931, 1525241438.359793100
1, 1525241438.413038510, 1525241438.420192159
2, 1525241438.480034028, 1525241438.506476198
1, 1525241438.613952725, 1525241438.620995915
3, 1525241438.680945744, 1525241438.694561063
2, 1525241438.747940383, 1525241438.774590642
1, 1525241438.814960901, 1525241438.822048260
1, 1525241439.015792147, 1525241439.023106746
2, 1525241439.016019797, 1525241439.049215187
3, 1525241439.023167416, 1525241439.037190935
1, 1525241439.216638396, 1525241439.223795785
2, 1525241439.283638015, 1525241439.310694314
3, 1525241439.350641024, 1525241439.364273624
1, 1525241439.417643274, 1525241439.424705603
2, 1525241439.551528633, 1525241439.578040303
1, 1525241439.618442222, 1525241439.625590632
3, 1525241439.685436072, 1525241439.699356021
1, 1525241439.819358991, 1525241439.826766759
2, 1525241439.819481890, 1525241439.851261523
1, 1525241440.020260799, 1525241440.029002986
3, 1525241440.020394019, 1525241440.035610766
2, 1525241440.087235929, 1525241440.113980770
1, 1525241440.221167190, 1525241440.228367149
2, 1525241440.355037371, 1525241440.382278840
3, 1525241440.355141701, 1525241440.368907790
1, 1525241440.422026971, 1525241440.429342750
1, 1525241440.622951022, 1525241440.630378601
2, 1525241440.623089472, 1525241440.655072534
3, 1525241440.689950452, 1525241440.703290552
1, 1525241440.823976292, 1525241440.831217862
2, 1525241440.891100143, 1525241440.918204142
1, 1525241441.025064173, 1525241441.033944950
3, 1525241441.025210413, 1525241441.040101791
2, 1525241441.158924146, 1525241441.185810306
1, 1525241441.225901147, 1525241441.233142656
3, 1525241441.359807529, 1525241441.373671309
1, 1525241441.426800970, 1525241441.434099220
2, 1525241441.426941770, 1525241441.458690723
1, 1525241441.627874053, 1525241441.635021643
2, 1525241441.694879775, 1525241441.722331474
3, 1525241441.694998834, 1525241441.709168633
1, 1525241441.828835757, 1525241441.835866416
2, 1525241441.962740359, 1525241441.989662029
1, 1525241442.029769281, 1525241442.038407038
3, 1525241442.029912730, 1525241442.044775659
1, 1525241442.230542517, 1525241442.237779636
2, 1525241442.230668546, 1525241442.262891749
3, 1525241442.364475460, 1525241442.378286480
1, 1525241442.431445092, 1525241442.438561002
2, 1525241442.498458824, 1525241442.525403005
1, 1525241442.632340058, 1525241442.639587358
3, 1525241442.699337500, 1525241442.713487550
2, 1525241442.766360412, 1525241442.792842003
1, 1525241442.833358714, 1525241442.840688833
1, 1525241443.034303290, 1525241443.041734570
2, 1525241443.034422850, 1525241443.067862612
3, 1525241443.041799409, 1525241443.055752339
1, 1525241443.234956989, 1525241443.242178909
2, 1525241443.301940052, 1525241443.328592923
3, 1525241443.368942545, 1525241443.383171374
1, 1525241443.435928627, 1525241443.443046087
2, 1525241443.569850603, 1525241443.596720564
1, 1525241443.636845696, 1525241443.643984235
3, 1525241443.703852409, 1525241443.717351379
1, 1525241443.837767914, 1525241443.845067874
2, 1525241443.837888744, 1525241443.869740768
1, 1525241444.038546263, 1525241444.047652820
3, 1525241444.038711633, 1525241444.053970411
2, 1525241444.105526957, 1525241444.132376588
1, 1525241444.239470114, 1525241444.246650714
2, 1525241444.373356151, 1525241444.400938092
3, 1525241444.373459411, 1525241444.387522551
1, 1525241444.440329555, 1525241444.447566735
1, 1525241444.641507076, 1525241444.648965875
2, 1525241444.641675085, 1525241444.683749985
3, 1525241444.708541709, 1525241444.722310109
1, 1525241444.842505536, 1525241444.849821586
2, 1525241444.909558830, 1525241444.936199111
1, 1525241445.043450048, 1525241445.052362975
3, 1525241445.043600987, 1525241445.057934067
2, 1525241445.177327327, 1525241445.203927529
1, 1525241445.244305361, 1525241445.251398771
3, 1525241445.378193370, 1525241445.391812931
1, 1525241445.445190755, 1525241445.452454654
2, 1525241445.445322254, 1525241445.477861388
1, 1525241445.646025308, 1525241445.653108018
2, 1525241445.713048412, 1525241445.740258894
3, 1525241445.713181432, 1525241445.727181722
1, 1525241445.846876391, 1525241445.853859681
2, 1525241445.980911810, 1525241446.007805262
1, 1525241446.048087055, 1525241446.057029242
3, 1525241446.048240775, 1525241446.063134244
1, 1525241446.248841831, 1525241446.256119461
2, 1525241446.248963911, 1525241446.281447745
3, 1525241446.382735552, 1525241446.396121003
1, 1525241446.449740787, 1525241446.456939267
2, 1525241446.516748682, 1525241446.543468804
1, 1525241446.650605583, 1525241446.657796003
3, 1525241446.717592288, 1525241446.731777578
2, 1525241446.784536193, 1525241446.811108576
1, 1525241446.851505658, 1525241446.858775208
1, 1525241447.052358855, 1525241447.059799305
2, 1525241447.052503145, 1525241447.086699207
3, 1525241447.059851915, 1525241447.073414556
1, 1525241447.253238423, 1525241447.260448353
2, 1525241447.320321979, 1525241447.347071472
3, 1525241447.387323846, 1525241447.400690307
1, 1525241447.454318822, 1525241447.461417432
2, 1525241447.588301274, 1525241447.614915956
1, 1525241447.655274490, 1525241447.662428100
3, 1525241447.722269646, 1525241447.735961077
1, 1525241447.856155878, 1525241447.863463868
2, 1525241447.856282878, 1525241447.888673573
1, 1525241448.056957488, 1525241448.065727855
3, 1525241448.057122687, 1525241448.071527347
2, 1525241448.123938514, 1525241448.150629057
1, 1525241448.257807048, 1525241448.264871179
2, 1525241448.391716662, 1525241448.418429545
3, 1525241448.391821862, 1525241448.421482191
1, 1525241448.458951129, 1525241448.466051929
1, 1525241448.659809700, 1525241448.667215940
2, 1525241448.659949730, 1525241448.693145114
3, 1525241448.726778787, 1525241448.740854907
1, 1525241448.860665691, 1525241448.867842971
2, 1525241448.927660798, 1525241448.954444380
1, 1525241449.061580222, 1525241449.070388480
3, 1525241449.061718882, 1525241449.076528822
2, 1525241449.195449978, 1525241449.222209201
1, 1525241449.262452156, 1525241449.269617516
3, 1525241449.396402141, 1525241449.410595722
1, 1525241449.463363559, 1525241449.470613749
2, 1525241449.463493209, 1525241449.497316262
1, 1525241449.664254362, 1525241449.671340043
2, 1525241449.731282490, 1525241449.759004792
3, 1525241449.731402280, 1525241449.757280994
1, 1525241449.865158706, 1525241449.872298736
2, 1525241449.999167361, 1525241450.026097674
1, 1525241450.066162690, 1525241450.074947708
3, 1525241450.066300189, 1525241450.080511560
1, 1525241450.266889796, 1525241450.274164636
2, 1525241450.267005646, 1525241450.300194390
3, 1525241450.400720543, 1525241450.414547984
1, 1525241450.467631982, 1525241450.474701232
2, 1525241450.534613260, 1525241450.561598273
1, 1525241450.668440408, 1525241450.675519518
3, 1525241450.735418976, 1525241450.749257967
2, 1525241450.802402545, 1525241450.829068898
1, 1525241450.869412773, 1525241450.876643403
1, 1525241451.070343010, 1525241451.077660760
2, 1525241451.070485010, 1525241451.106215831
3, 1525241451.077727980, 1525241451.091771521
1, 1525241451.271160538, 1525241451.278383819
2, 1525241451.338157528, 1525241451.364922961
3, 1525241451.405111627, 1525241451.418800859
1, 1525241451.472110266, 1525241451.479541996
2, 1525241451.606025095, 1525241451.632707009
1, 1525241451.673022125, 1525241451.680262435
3, 1525241451.740080454, 1525241451.754004165
1, 1525241451.873963173, 1525241451.881286453
2, 1525241451.874091133, 1525241451.908041767
1, 1525241452.074806532, 1525241452.083825350
3, 1525241452.074944952, 1525241452.089842842
2, 1525241452.141762802, 1525241452.168380667
1, 1525241452.275605563, 1525241452.282803613
2, 1525241452.409543814, 1525241452.436704767
3, 1525241452.409659273, 1525241452.423768174
1, 1525241452.476513084, 1525241452.483596024
1, 1525241452.677413704, 1525241452.684583955
2, 1525241452.677549704, 1525241452.710542870
3, 1525241452.744419775, 1525241452.757711197
1, 1525241452.878531665, 1525241452.885516126
2, 1525241452.945560925, 1525241452.972619559
1, 1525241453.079391907, 1525241453.088107185
3, 1525241453.079559586, 1525241453.094566077
2, 1525241453.213266579, 1525241453.240270813
1, 1525241453.280268300, 1525241453.287315630
3, 1525241453.414148182, 1525241453.427772864
1, 1525241453.481146313, 1525241453.488422983
2, 1525241453.481284543, 1525241453.514773448
1, 1525241453.682188596, 1525241453.689407136
2, 1525241453.749194627, 1525241453.776828020
3, 1525241453.749311897, 1525241453.763285298
1, 1525241453.883071189, 1525241453.890321509
2, 1525241454.017000801, 1525241454.043627796
1, 1525241454.083966173, 1525241454.092925911
3, 1525241454.084072733, 1525241454.098305714
1, 1525241454.284665249, 1525241454.292029019
2, 1525241454.284838599, 1525241454.318007595
3, 1525241454.418536843, 1525241454.432221065
1, 1525241454.485533085, 1525241454.492678205
2, 1525241454.552654166, 1525241454.579476001
1, 1525241454.686561970, 1525241454.693730081
3, 1525241454.753565952, 1525241454.767532484
2, 1525241454.820594324, 1525241454.847616938
1, 1525241454.887569316, 1525241454.894687466
1, 1525241455.088509412, 1525241455.095776363
2, 1525241455.088887682, 1525241455.123303927
3, 1525241455.095838643, 1525241455.110165794
1, 1525241455.289599670, 1525241455.296808021
2, 1525241455.356625213, 1525241455.383119878
3, 1525241455.423617395, 1525241455.437548207
1, 1525241455.490641928, 1525241455.497911028
2, 1525241455.624761713, 1525241455.651395748
1, 1525241455.691725266, 1525241455.698934186
3, 1525241455.758715118, 1525241455.772693750
1, 1525241455.892622884, 1525241455.899968424
2, 1525241455.892800534, 1525241455.925429091
1, 1525241456.093533693, 1525241456.102367232
3, 1525241456.093652133, 1525241456.107518195
2, 1525241456.160492646, 1525241456.187274722
1, 1525241456.294435453, 1525241456.301526564
2, 1525241456.428334200, 1525241456.455422395
3, 1525241456.428447930, 1525241456.457929472
1, 1525241456.495329924, 1525241456.502399055
1, 1525241456.696187104, 1525241456.703347955
2, 1525241456.696352564, 1525241456.727814524
3, 1525241456.763177428, 1525241456.776504341
1, 1525241456.897066145, 1525241456.903979606
2, 1525241456.964018748, 1525241456.991019643
1, 1525241457.097894077, 1525241457.105577977
2, 1525241457.103194170, 1525241457.133967411
3, 1525241457.105961046, 1525241457.120872747
0, 0.000000000, 0.000000000
